state_code,center,center_lat,center_lon,dist,vil
553826948,"(25.0443142149149, 121.51546919418921)",25.0443142149149,121.51546919418921,中正區,黎明里
554026971,"(25.05335793224447, 121.52671114910504)",25.05335793224447,121.52671114910504,中山區,康樂里
553926962,"(25.048836073579686, 121.5311184601241)",25.048836073579686,121.5311184601241,中山區,興亞里
553726947,"(25.039792356250114, 121.56093641356867)",25.039792356250114,121.56093641356867,信義區,興隆里
553626920,"(25.035270497585326, 121.4915912344331)",25.035270497585326,121.4915912344331,萬華區,華江里
553826944,"(25.0443142149149, 121.49743249913097)",25.0443142149149,121.49743249913097,萬華區,菜園里
552626791,"(24.99005191093747, 121.57102856064354)",24.99005191093747,121.57102856064354,文山區,木新里
554326995,"(25.066923508238826, 121.51490121644483)",25.066923508238826,121.51490121644483,大同區,揚雅里
553626921,"(25.035270497585326, 121.49610421120673)",25.035270497585326,121.49610421120673,萬華區,糖部里
552626789,"(24.99005191093747, 121.5619532174518)",24.99005191093747,121.5619532174518,文山區,明興里
554326997,"(25.066923508238826, 121.52390382067267)",25.066923508238826,121.52390382067267,中山區,圓山里
553626931,"(25.035270497585326, 121.541233978943)",25.035270497585326,121.541233978943,大安區,和安里
553726946,"(25.039792356250114, 121.55642538522045)",25.039792356250114,121.55642538522045,大安區,正聲里
553626934,"(25.035270497585326, 121.55477290926389)",25.035270497585326,121.55477290926389,大安區,光信里
555527042,"(25.121185812216254, 121.47100952748757)",25.121185812216254,121.47100952748757,北投區,關渡里
553326896,"(25.02170492159097, 121.55569685628753)",25.02170492159097,121.55569685628753,信義區,黎平里
553626944,"(25.035270497585326, 121.59990267700016)",25.035270497585326,121.59990267700016,南港區,新光里
554026968,"(25.05335793224447, 121.51319391300592)",25.05335793224447,121.51319391300592,大同區,建功里
554827028,"(25.089532801562754, 121.51343117422806)",25.089532801562754,121.51343117422806,士林區,福中里
553826945,"(25.0443142149149, 121.50194167289553)",25.0443142149149,121.50194167289553,萬華區,菜園里
553326901,"(25.02170492159097, 121.57829379210749)",25.02170492159097,121.57829379210749,信義區,六合里
554827030,"(25.089532801562754, 121.52242267809798)",25.089532801562754,121.52242267809798,士林區,義信里
554126988,"(25.057879790909254, 121.56082438661228)",25.057879790909254,121.56082438661228,松山區,介壽里
553826965,"(25.0443142149149, 121.59212514818668)",25.0443142149149,121.59212514818668,南港區,成福里
553726952,"(25.039792356250114, 121.58349155530975)",25.039792356250114,121.58349155530975,信義區,中坡里
553826967,"(25.0443142149149, 121.6011434957158)",25.0443142149149,121.6011434957158,南港區,中南里
554026982,"(25.05335793224447, 121.57627434813513)",25.05335793224447,121.57627434813513,內湖區,行善里
554126978,"(25.057879790909254, 121.51578267462881)",25.057879790909254,121.51578267462881,大同區,雙連里
553926961,"(25.048836073579686, 121.52661104729295)",25.048836073579686,121.52661104729295,中山區,正義里
553626919,"(25.035270497585326, 121.48707825765948)",25.035270497585326,121.48707825765948,萬華區,華江里
553826951,"(25.0443142149149, 121.52899671548288)",25.0443142149149,121.52899671548288,中正區,梅花里
555327050,"(25.112142094886682, 121.52461420810829)",25.112142094886682,121.52461420810829,北投區,榮華里
553826952,"(25.0443142149149, 121.53350588924744)",25.0443142149149,121.53350588924744,大安區,民輝里
554126976,"(25.057879790909254, 121.50677433223211)",25.057879790909254,121.50677433223211,大同區,大有里
553526916,"(25.030748638920542, 121.52851543199168)",25.030748638920542,121.52851543199168,大安區,永康里
553426902,"(25.026226780255758, 121.52278835344755)",25.026226780255758,121.52278835344755,中正區,板溪里
553526914,"(25.030748638920542, 121.51948539350734)",25.030748638920542,121.51948539350734,中正區,南福里
553726948,"(25.039792356250114, 121.56544744191689)",25.039792356250114,121.56544744191689,信義區,興雅里
553426898,"(25.026226780255758, 121.5047197295868)",25.026226780255758,121.5047197295868,萬華區,新和里
552626785,"(24.99005191093747, 121.54380253106834)",24.99005191093747,121.54380253106834,文山區,景東里
553826953,"(25.0443142149149, 121.538015063012)",25.0443142149149,121.538015063012,大安區,昌隆里
554927034,"(25.094054660227542, 121.51789087158024)",25.094054660227542,121.51789087158024,士林區,福佳里
554226986,"(25.062401649574042, 121.51184813755783)",25.062401649574042,121.51184813755783,大同區,南芳里
553926970,"(25.048836073579686, 121.56717776277338)",25.048836073579686,121.56717776277338,松山區,新聚里
553726949,"(25.039792356250114, 121.5699584702651)",25.039792356250114,121.5699584702651,信義區,興雅里
554226985,"(25.062401649574042, 121.50734544739284)",25.062401649574042,121.50734544739284,大同區,南芳里
554326996,"(25.066923508238826, 121.51940251855875)",25.066923508238826,121.51940251855875,大同區,斯文里
554226992,"(25.062401649574042, 121.53886427854778)",25.062401649574042,121.53886427854778,中山區,行仁里
553326884,"(25.02170492159097, 121.50146421031963)",25.02170492159097,121.50146421031963,萬華區,日祥里
554026966,"(25.05335793224447, 121.50418242227317)",25.05335793224447,121.50418242227317,大同區,玉泉里
553526924,"(25.030748638920542, 121.56463558592908)",25.030748638920542,121.56463558592908,信義區,景新里
553526915,"(25.030748638920542, 121.52400041274952)",25.030748638920542,121.52400041274952,大安區,錦泰里
554427022,"(25.071445366903614, 121.6014365211962)",25.071445366903614,121.6014365211962,內湖區,金湖里
553726945,"(25.039792356250114, 121.55191435687223)",25.039792356250114,121.55191435687223,大安區,建倫里
553526922,"(25.030748638920542, 121.55560554744473)",25.030748638920542,121.55560554744473,大安區,通化里
553626924,"(25.035270497585326, 121.5096431415276)",25.035270497585326,121.5096431415276,中正區,南門里
553826966,"(25.0443142149149, 121.59663432195124)",25.0443142149149,121.59663432195124,南港區,新光里
553926969,"(25.048836073579686, 121.56267034994222)",25.048836073579686,121.56267034994222,松山區,吉祥里
553826964,"(25.0443142149149, 121.58761597442214)",25.0443142149149,121.58761597442214,南港區,成福里
553926972,"(25.048836073579686, 121.57619258843569)",25.048836073579686,121.57619258843569,信義區,四育里
554126989,"(25.057879790909254, 121.56532855781063)",25.057879790909254,121.56532855781063,松山區,富泰里
554126990,"(25.057879790909254, 121.56983272900898)",25.057879790909254,121.56983272900898,松山區,新東里
553826958,"(25.0443142149149, 121.56056093183479)",25.0443142149149,121.56056093183479,信義區,新仁里
553526923,"(25.030748638920542, 121.5601205666869)",25.030748638920542,121.5601205666869,信義區,景聯里
553626938,"(25.035270497585326, 121.57282481635839)",25.035270497585326,121.57282481635839,信義區,安康里
553626925,"(25.035270497585326, 121.51415611830124)",25.035270497585326,121.51415611830124,中正區,建國里
554727038,"(25.08501094289797, 121.58340168226535)",25.08501094289797,121.58340168226535,內湖區,湖濱里
554226991,"(25.062401649574042, 121.5343615883828)",25.062401649574042,121.5343615883828,中山區,松江里
554226990,"(25.062401649574042, 121.5298588982178)",25.062401649574042,121.5298588982178,中山區,新生里
553526926,"(25.030748638920542, 121.57366562441342)",25.030748638920542,121.57366562441342,信義區,三犁里
553626927,"(25.035270497585326, 121.5231820718485)",25.035270497585326,121.5231820718485,中正區,東門里
555827050,"(25.13475138821061, 121.49907766855335)",25.13475138821061,121.49907766855335,北投區,大同里
553926960,"(25.048836073579686, 121.52210363446179)",25.048836073579686,121.52210363446179,中山區,正得里
553826961,"(25.0443142149149, 121.57408845312845)",25.0443142149149,121.57408845312845,信義區,五全里
553826946,"(25.0443142149149, 121.50645084666009)",25.0443142149149,121.50645084666009,萬華區,萬壽里
554126981,"(25.057879790909254, 121.52929518822386)",25.057879790909254,121.52929518822386,中山區,中原里
554026973,"(25.05335793224447, 121.53572263983779)",25.05335793224447,121.53572263983779,中山區,中央里
553726942,"(25.039792356250114, 121.53838127182759)",25.039792356250114,121.53838127182759,大安區,義村里
554026987,"(25.05335793224447, 121.598803074967)",25.05335793224447,121.598803074967,南港區,東明里
554026972,"(25.05335793224447, 121.53121689447141)",25.05335793224447,121.53121689447141,中山區,中吉里
553726944,"(25.039792356250114, 121.54740332852401)",25.039792356250114,121.54740332852401,大安區,仁愛里
554026975,"(25.05335793224447, 121.54473413057052)",25.05335793224447,121.54473413057052,松山區,中正里
554927036,"(25.094054660227542, 121.52688070981446)",25.094054660227542,121.52688070981446,士林區,福林里
555227049,"(25.107620236221898, 121.5326860905472)",25.107620236221898,121.5326860905472,士林區,聖山里
552526778,"(24.985530052272686, 121.5922723674762)",24.985530052272686,121.5922723674762,文山區,政大里
554126980,"(25.057879790909254, 121.5247910170255)",25.057879790909254,121.5247910170255,中山區,中山里
553626922,"(25.035270497585326, 121.50061718798035)",25.035270497585326,121.50061718798035,萬華區,富民里
553626926,"(25.035270497585326, 121.51866909507487)",25.035270497585326,121.51866909507487,中正區,東門里
554827029,"(25.089532801562754, 121.51792692616301)",25.089532801562754,121.51792692616301,士林區,後港里
554026976,"(25.05335793224447, 121.54923987593689)",25.05335793224447,121.54923987593689,松山區,中華里
553826954,"(25.0443142149149, 121.54252423677656)",25.0443142149149,121.54252423677656,大安區,誠安里
552626788,"(24.99005191093747, 121.55741554585593)",24.99005191093747,121.55741554585593,文山區,華興里
553226890,"(25.017183062926186, 121.5911253079283)",25.017183062926186,121.5911253079283,南港區,九如里
554927037,"(25.094054660227542, 121.53137562893157)",25.094054660227542,121.53137562893157,士林區,福林里
554126979,"(25.057879790909254, 121.52028684582716)",25.057879790909254,121.52028684582716,大同區,雙連里
553926963,"(25.048836073579686, 121.53562587295526)",25.048836073579686,121.53562587295526,中山區,朱園里
555327053,"(25.112142094886682, 121.53809173505323)",25.112142094886682,121.53809173505323,士林區,東山里
554727021,"(25.08501094289797, 121.50695817287694)",25.08501094289797,121.50695817287694,士林區,葫蘆里
555727051,"(25.130229529545826, 121.50370701227763)",25.130229529545826,121.50370701227763,北投區,清江里
555327051,"(25.112142094886682, 121.52910671708993)",25.112142094886682,121.52910671708993,士林區,天祿里
554026969,"(25.05335793224447, 121.5176996583723)",25.05335793224447,121.5176996583723,大同區,星明里
553626923,"(25.035270497585326, 121.50513016475398)",25.035270497585326,121.50513016475398,萬華區,富福里
553526920,"(25.030748638920542, 121.54657550896039)",25.030748638920542,121.54657550896039,大安區,龍雲里
553726950,"(25.039792356250114, 121.57446949861333)",25.039792356250114,121.57446949861333,信義區,廣居里
555527055,"(25.121185812216254, 121.52940365243376)",25.121185812216254,121.52940365243376,士林區,天玉里
554327014,"(25.066923508238826, 121.60042595660939)",25.066923508238826,121.60042595660939,內湖區,寶湖里
553326886,"(25.02170492159097, 121.51050298464762)",25.02170492159097,121.51050298464762,萬華區,騰雲里
553626928,"(25.035270497585326, 121.52769504862212)",25.035270497585326,121.52769504862212,中正區,文祥里
555927050,"(25.139273246875398, 121.5014242527588)",25.139273246875398,121.5014242527588,北投區,中庸里
553126870,"(25.0126612042614, 121.56574062109999)",25.0126612042614,121.56574062109999,信義區,黎安里
553526910,"(25.030748638920542, 121.50142531653863)",25.030748638920542,121.50142531653863,萬華區,頂碩里
554026967,"(25.05335793224447, 121.50868816763955)",25.05335793224447,121.50868816763955,大同區,永樂里
553326895,"(25.02170492159097, 121.55117746912353)",25.02170492159097,121.55117746912353,大安區,芳和里
554026970,"(25.05335793224447, 121.52220540373867)",25.05335793224447,121.52220540373867,中山區,民安里
553226883,"(25.017183062926186, 121.55947331643853)",25.017183062926186,121.55947331643853,大安區,黎和里
554827032,"(25.089532801562754, 121.53141418196792)",25.089532801562754,121.53141418196792,士林區,福林里
554427018,"(25.071445366903614, 121.58343649358645)",25.071445366903614,121.58343649358645,內湖區,湖興里
554126984,"(25.057879790909254, 121.5428077018189)",25.057879790909254,121.5428077018189,中山區,江山里
553926975,"(25.048836073579686, 121.58971482692917)",25.048836073579686,121.58971482692917,南港區,聯成里
553426894,"(25.026226780255758, 121.48665110572605)",25.026226780255758,121.48665110572605,板橋區,振義里
553826950,"(25.0443142149149, 121.52448754171832)",25.0443142149149,121.52448754171832,中正區,幸福里
553426897,"(25.026226780255758, 121.5002025736216)",25.026226780255758,121.5002025736216,萬華區,全德里
553326894,"(25.02170492159097, 121.54665808195955)",25.02170492159097,121.54665808195955,大安區,臥龍里
554927030,"(25.094054660227542, 121.49991119511178)",25.094054660227542,121.49991119511178,士林區,永倫里
553526919,"(25.030748638920542, 121.54206048971821)",25.030748638920542,121.54206048971821,大安區,龍圖里
553426908,"(25.026226780255758, 121.54989128923867)",25.026226780255758,121.54989128923867,大安區,全安里
553826947,"(25.0443142149149, 121.51096002042465)",25.0443142149149,121.51096002042465,中正區,光復里
552626787,"(24.99005191093747, 121.55287787426008)",24.99005191093747,121.55287787426008,文山區,華興里
553726940,"(25.039792356250114, 121.52935921513115)",25.039792356250114,121.52935921513115,中正區,文北里
554627027,"(25.080489084233182, 121.56143743853136)",25.080489084233182,121.56143743853136,中山區,金泰里
555427052,"(25.11666395355147, 121.5235205944051)",25.11666395355147,121.5235205944051,北投區,榮華里
555827051,"(25.13475138821061, 121.50356923350293)",25.13475138821061,121.50356923350293,北投區,長安里
554026974,"(25.05335793224447, 121.54022838520414)",25.05335793224447,121.54022838520414,中山區,復華里
554627031,"(25.080489084233182, 121.57942821643364)",25.080489084233182,121.57942821643364,內湖區,港富里
554126983,"(25.057879790909254, 121.53830353062055)",25.057879790909254,121.53830353062055,中山區,江山里
553926976,"(25.048836073579686, 121.59422223976033)",25.048836073579686,121.59422223976033,南港區,新光里
554827031,"(25.089532801562754, 121.52691843003295)",25.089532801562754,121.52691843003295,士林區,仁勇里
553426901,"(25.026226780255758, 121.51827119748236)",25.026226780255758,121.51827119748236,中正區,螢圃里
553326889,"(25.02170492159097, 121.52406114613959)",25.02170492159097,121.52406114613959,中正區,河堤里
553826949,"(25.0443142149149, 121.51997836795375)",25.0443142149149,121.51997836795375,中正區,幸福里
553726943,"(25.039792356250114, 121.54289230017581)",25.039792356250114,121.54289230017581,大安區,義村里
554527025,"(25.075967225568398, 121.58243824398103)",25.075967225568398,121.58243824398103,內湖區,瑞陽里
553526918,"(25.030748638920542, 121.53754547047603)",25.030748638920542,121.53754547047603,大安區,龍圖里
553426904,"(25.026226780255758, 121.53182266537792)",25.026226780255758,121.53182266537792,大安區,龍坡里
554627037,"(25.080489084233182, 121.60641438328707)",25.080489084233182,121.60641438328707,內湖區,秀湖里
556027050,"(25.143795105540182, 121.5062554347683)",25.143795105540182,121.5062554347683,北投區,開明里
553326893,"(25.02170492159097, 121.54213869479555)",25.02170492159097,121.54213869479555,大安區,龍淵里
552426752,"(24.981008193607902, 121.55696370215156)",24.981008193607902,121.55696370215156,文山區,樟文里
555927052,"(25.139273246875398, 121.5104075561545)",25.139273246875398,121.5104075561545,北投區,林泉里
553426912,"(25.026226780255758, 121.56795991309941)",25.026226780255758,121.56795991309941,信義區,三張里
553826955,"(25.0443142149149, 121.5470334105411)",25.0443142149149,121.5470334105411,大安區,光武里
552626790,"(24.99005191093747, 121.56649088904767)",24.99005191093747,121.56649088904767,文山區,木柵里
552626786,"(24.99005191093747, 121.5483402026642)",24.99005191093747,121.5483402026642,文山區,華興里
553926964,"(25.048836073579686, 121.54013328578642)",25.048836073579686,121.54013328578642,中山區,力行里
553426903,"(25.026226780255758, 121.52730550941273)",25.026226780255758,121.52730550941273,大安區,錦安里
554627035,"(25.080489084233182, 121.59741899433594)",25.080489084233182,121.59741899433594,內湖區,清白里
554727022,"(25.08501094289797, 121.51145484989978)",25.08501094289797,121.51145484989978,士林區,葫東里
552526772,"(24.985530052272686, 121.56502836074674)",24.985530052272686,121.56502836074674,文山區,忠順里
553526921,"(25.030748638920542, 121.55109052820255)",25.030748638920542,121.55109052820255,大安區,義安里
553826969,"(25.0443142149149, 121.61016184324492)",25.0443142149149,121.61016184324492,南港區,中研里
552726800,"(24.99457376960226, 121.53415744467097)",24.99457376960226,121.53415744467097,新店區,大鵬里
555427054,"(25.11666395355147, 121.53250486725192)",25.11666395355147,121.53250486725192,士林區,天福里
555427053,"(25.11666395355147, 121.52801273082851)",25.11666395355147,121.52801273082851,士林區,天壽里
554026983,"(25.05335793224447, 121.5807800935015)",25.05335793224447,121.5807800935015,內湖區,行善里
554026978,"(25.05335793224447, 121.55825136666964)",25.05335793224447,121.55825136666964,松山區,東光里
553126869,"(25.0126612042614, 121.56121648717539)",25.0126612042614,121.56121648717539,大安區,黎和里
553526909,"(25.030748638920542, 121.49691029729647)",25.030748638920542,121.49691029729647,萬華區,雙園里
554427024,"(25.071445366903614, 121.61043653500109)",25.071445366903614,121.61043653500109,內湖區,明湖里
554627034,"(25.080489084233182, 121.59292129986036)",25.080489084233182,121.59292129986036,內湖區,紫星里
555427050,"(25.11666395355147, 121.51453632155827)",25.11666395355147,121.51453632155827,北投區,永明里
553926965,"(25.048836073579686, 121.54464069861758)",25.048836073579686,121.54464069861758,松山區,中正里
552426756,"(24.981008193607902, 121.57513874578518)",24.981008193607902,121.57513874578518,文山區,指南里
554226989,"(25.062401649574042, 121.52535620805281)",25.062401649574042,121.52535620805281,中山區,聚葉里
553926977,"(25.048836073579686, 121.59872965259149)",25.048836073579686,121.59872965259149,南港區,新光里
553626932,"(25.035270497585326, 121.54574695571662)",25.035270497585326,121.54574695571662,大安區,仁慈里
554627023,"(25.080489084233182, 121.54344666062907)",25.080489084233182,121.54344666062907,中山區,劍潭里
554727032,"(25.08501094289797, 121.55642162012826)",25.08501094289797,121.55642162012826,中山區,北安里
555127044,"(25.10309837755711, 121.525270994972)",25.10309837755711,121.525270994972,士林區,德行里
554026981,"(25.05335793224447, 121.57176860276876)",25.05335793224447,121.57176860276876,松山區,新東里
554126987,"(25.057879790909254, 121.55632021541393)",25.057879790909254,121.55632021541393,松山區,介壽里
553126864,"(25.0126612042614, 121.53859581755236)",25.0126612042614,121.53859581755236,大安區,學府里
554126993,"(25.057879790909254, 121.58334524260403)",25.057879790909254,121.58334524260403,內湖區,週美里
553526925,"(25.030748638920542, 121.56915060517126)",25.030748638920542,121.56915060517126,信義區,三犁里
553726956,"(25.039792356250114, 121.60153566870262)",25.039792356250114,121.60153566870262,南港區,中南里
555927049,"(25.139273246875398, 121.49693260106095)",25.139273246875398,121.49693260106095,北投區,文化里
553626929,"(25.035270497585326, 121.53220802539575)",25.035270497585326,121.53220802539575,中正區,三愛里
555227045,"(25.107620236221898, 121.51471419663558)",25.107620236221898,121.51471419663558,北投區,建民里
553526913,"(25.030748638920542, 121.51497037426516)",25.030748638920542,121.51497037426516,中正區,龍福里
554627026,"(25.080489084233182, 121.55693974405578)",25.080489084233182,121.55693974405578,中山區,金泰里
554026977,"(25.05335793224447, 121.55374562130326)",25.05335793224447,121.55374562130326,松山區,東勢里
554326999,"(25.066923508238826, 121.53290642490052)",25.066923508238826,121.53290642490052,中山區,新喜里
553926968,"(25.048836073579686, 121.55816293711106)",25.048836073579686,121.55816293711106,松山區,吉祥里
553826956,"(25.0443142149149, 121.55154258430566)",25.0443142149149,121.55154258430566,大安區,建安里
552626784,"(24.99005191093747, 121.53926485947247)",24.99005191093747,121.53926485947247,文山區,景美里
552826822,"(24.999095628267042, 121.55873175476565)",24.999095628267042,121.55873175476565,文山區,興光里
553626945,"(25.035270497585326, 121.60441565377378)",25.035270497585326,121.60441565377378,南港區,九如里
554126992,"(25.057879790909254, 121.57884107140568)",25.057879790909254,121.57884107140568,內湖區,週美里
553826959,"(25.0443142149149, 121.56507010559935)",25.0443142149149,121.56507010559935,信義區,新仁里
554226987,"(25.062401649574042, 121.51635082772282)",25.062401649574042,121.51635082772282,大同區,民權里
554427023,"(25.071445366903614, 121.60593652809864)",25.071445366903614,121.60593652809864,內湖區,葫洲里
554226993,"(25.062401649574042, 121.54336696871277)",25.062401649574042,121.54336696871277,中山區,下埤里
553326888,"(25.02170492159097, 121.51954175897559)",25.02170492159097,121.51954175897559,中正區,網溪里
553926974,"(25.048836073579686, 121.58520741409801)",25.048836073579686,121.58520741409801,南港區,合成里
554126991,"(25.057879790909254, 121.57433690020733)",25.057879790909254,121.57433690020733,內湖區,湖元里
555327049,"(25.112142094886682, 121.52012169912663)",25.112142094886682,121.52012169912663,北投區,裕民里
554627018,"(25.080489084233182, 121.5209581882512)",25.080489084233182,121.5209581882512,士林區,明勝里
555227048,"(25.107620236221898, 121.52819311706929)",25.107620236221898,121.52819311706929,士林區,忠誠里
554727023,"(25.08501094289797, 121.51595152692262)",25.08501094289797,121.51595152692262,士林區,百齡里
553726931,"(25.039792356250114, 121.4887599599972)",25.039792356250114,121.4887599599972,萬華區,柳鄉里
554326994,"(25.066923508238826, 121.5103999143309)",25.066923508238826,121.5103999143309,大同區,國順里
553826957,"(25.0443142149149, 121.55605175807023)",25.0443142149149,121.55605175807023,大安區,華聲里
552526771,"(24.985530052272686, 121.5604876929585)",24.985530052272686,121.5604876929585,文山區,樟林里
554727028,"(25.08501094289797, 121.53843491203686)",25.08501094289797,121.53843491203686,中山區,劍潭里
554627019,"(25.080489084233182, 121.52545588272677)",25.080489084233182,121.52545588272677,中山區,劍潭里
552926834,"(25.00361748693183, 121.54046763531164)",25.00361748693183,121.54046763531164,文山區,萬祥里
555227047,"(25.107620236221898, 121.52370014359138)",25.107620236221898,121.52370014359138,士林區,蘭興里
556027049,"(25.143795105540182, 121.50176360447183)",25.143795105540182,121.50176360447183,北投區,開明里
554026989,"(25.05335793224447, 121.60781456569973)",25.05335793224447,121.60781456569973,南港區,南港里
554627032,"(25.080489084233182, 121.58392591090922)",25.080489084233182,121.58392591090922,內湖區,湖濱里
553726936,"(25.039792356250114, 121.51131510173829)",25.039792356250114,121.51131510173829,中正區,建國里
555127043,"(25.10309837755711, 121.5207774650123)",25.10309837755711,121.5207774650123,士林區,德華里
553926966,"(25.048836073579686, 121.54914811144874)",25.048836073579686,121.54914811144874,松山區,美仁里
553926978,"(25.048836073579686, 121.60323706542265)",25.048836073579686,121.60323706542265,南港區,新光里
554126982,"(25.057879790909254, 121.5337993594222)",25.057879790909254,121.5337993594222,中山區,中央里
553426910,"(25.026226780255758, 121.55892560116905)",25.026226780255758,121.55892560116905,信義區,景勤里
553926959,"(25.048836073579686, 121.51759622163063)",25.048836073579686,121.51759622163063,大同區,建明里
553926971,"(25.048836073579686, 121.57168517560453)",25.048836073579686,121.57168517560453,信義區,雅祥里
555027041,"(25.098576518892326, 121.52932747426489)",25.098576518892326,121.52932747426489,士林區,福志里
553126867,"(25.0126612042614, 121.55216821932618)",25.0126612042614,121.55216821932618,大安區,學府里
554627036,"(25.080489084233182, 121.60191668881151)",25.080489084233182,121.60191668881151,內湖區,秀湖里
553426913,"(25.026226780255758, 121.5724770690646)",25.026226780255758,121.5724770690646,信義區,六合里
553526917,"(25.030748638920542, 121.53303045123386)",25.030748638920542,121.53303045123386,大安區,福住里
555027038,"(25.098576518892326, 121.51584493881298)",25.098576518892326,121.51584493881298,士林區,福佳里
554427006,"(25.071445366903614, 121.52943641075716)",25.071445366903614,121.52943641075716,中山區,新庄里
556027048,"(25.143795105540182, 121.49727177417536)",25.143795105540182,121.49727177417536,北投區,中和里
553626936,"(25.035270497585326, 121.56379886281114)",25.035270497585326,121.56379886281114,信義區,西村里
553326897,"(25.02170492159097, 121.56021624345152)",25.02170492159097,121.56021624345152,信義區,黎忠里
554627030,"(25.080489084233182, 121.57493052195808)",25.080489084233182,121.57493052195808,內湖區,港都里
554927038,"(25.094054660227542, 121.53587054804869)",25.094054660227542,121.53587054804869,士林區,福林里
554126996,"(25.057879790909254, 121.59685775619907)",25.057879790909254,121.59685775619907,南港區,重陽里
553926958,"(25.048836073579686, 121.51308880879947)",25.048836073579686,121.51308880879947,中正區,光復里
552826823,"(24.999095628267042, 121.56326372351407)",24.999095628267042,121.56326372351407,文山區,萬美里
554327011,"(25.066923508238826, 121.58692205026762)",25.066923508238826,121.58692205026762,內湖區,湖元里
555527041,"(25.121185812216254, 121.46651767172247)",25.121185812216254,121.46651767172247,北投區,關渡里
554627020,"(25.080489084233182, 121.52995357720235)",25.080489084233182,121.52995357720235,中山區,劍潭里
553726951,"(25.039792356250114, 121.57898052696153)",25.039792356250114,121.57898052696153,信義區,松光里
555327048,"(25.112142094886682, 121.51562919014498)",25.112142094886682,121.51562919014498,北投區,榮光里
552426761,"(24.981008193607902, 121.59785755032722)",24.981008193607902,121.59785755032722,文山區,政大里
